ORD_NO,VehicleID,Sequence,SiteCode,ArrivalTime,WaitingTime,ServiceTime,DepartureTime,Delivered,cbm,start,end,group
Null,VEH_2,1,O_640,2023-05-15 00:00,0,0,2023-05-15 00:00,Null,0.0,0,1440,-1
MF2305186339753,VEH_2,2,D_1184,2023-05-15 04:21,0,60,2023-05-15 05:21,Yes,24.47,0,360,0
Null,VEH_2,3,O_495,Null,Null,Null,Null,Null,0.0,0,1440,-1
MF2305156308620,VEH_2,4,D_1195,Null,Null,Null,Null,No,25.18,420,900,1
Null,VEH_102,1,O_641,2023-05-15 00:00,0,0,2023-05-15 00:00,Null,0.0,0,1440,-1
MF2305156308974,VEH_102,2,D_1527,Null,Null,Null,Null,No,13.32,420,900,0
Null,VEH_102,3,O_495,Null,Null,Null,Null,Null,0.0,0,1440,-1
20230515B498477_001,VEH_102,4,D_109,Null,Null,Null,Null,No,21.06,600,1020,0
Null,VEH_202,1,O_292,2023-05-15 06:00,0,0,2023-05-15 06:00,Null,0.0,0,1440,-1
MF2305156310882,VEH_202,2,D_1186,Null,Null,Null,Null,No,23.8,600,1020,1
Null,VEH_302,1,O_537,2023-05-15 00:00,0,0,2023-05-15 00:00,Null,0.0,0,1440,-1
M18406180,VEH_302,2,D_318,Null,Null,Null,Null,No,20.57,420,900,0
Null,VEH_302,3,O_800,Null,Null,Null,Null,Null,0.0,0,1440,-1
20230515B495246_001,VEH_302,4,D_84,Null,Null,Null,Null,No,18.53,420,900,1
Null,VEH_304,1,O_537,2023-05-15 06:00,0,0,2023-05-15 06:00,Null,0.0,0,1440,-1
M18407963,VEH_304,2,D_273,Null,Null,Null,Null,No,18.61,600,1020,1
Null,VEH_305,1,O_537,2023-05-15 06:00,0,0,2023-05-15 06:00,Null,0.0,0,1440,-1
M18406155,VEH_305,2,D_312,Null,Null,Null,Null,No,21.3,780,1080,0
Null,VEH_306,1,O_537,2023-05-15 06:00,0,0,2023-05-15 06:00,Null,0.0,0,1440,-1
M18406193,VEH_306,2,D_708,Null,Null,Null,Null,No,19.51,780,1080,0
Null,VEH_307,1,O_537,2023-05-15 06:00,0,0,2023-05-15 06:00,Null,0.0,0,1440,-1
M18406232,VEH_307,2,D_273,Null,Null,Null,Null,No,18.97,780,1080,0
Null,VEH_308,1,O_537,2023-05-15 06:00,0,0,2023-05-15 06:00,Null,0.0,0,1440,-1
M18407870,VEH_308,2,D_424,Null,Null,Null,Null,No,22.11,1080,120,1
Null,VEH_323,1,O_537,2023-05-15 06:00,0,0,2023-05-15 06:00,Null,0.0,0,1440,-1
M18405662,VEH_323,2,D_403,Null,Null,Null,Null,No,27.7,780,1080,1
Null,VEH_402,1,O_42,2023-05-15 00:00,0,0,2023-05-15 00:00,Null,0.0,0,1440,-1
MF2305156309716,VEH_402,2,D_1295,Null,Null,Null,Null,No,27.0,600,1020,0
Null,VEH_404,1,O_42,2023-05-15 06:00,0,0,2023-05-15 06:00,Null,0.0,0,1440,-1
MF2305156309756,VEH_404,2,D_1295,Null,Null,Null,Null,No,26.34,420,900,1
Null,VEH_405,1,O_42,2023-05-15 06:00,0,0,2023-05-15 06:00,Null,0.0,0,1440,-1
MF2305156309746,VEH_405,2,D_1295,Null,Null,Null,Null,No,24.54,780,1080,0
Null,VEH_406,1,O_42,2023-05-15 06:00,0,0,2023-05-15 06:00,Null,0.0,0,1440,-1
MF2305186339745,VEH_406,2,D_1184,Null,Null,Null,Null,No,20.72,780,1080,0
Null,VEH_502,1,O_309,2023-05-15 06:00,0,0,2023-05-15 06:00,Null,0.0,0,1440,-1
MF2305176316932,VEH_502,2,D_1791,Null,Null,Null,Null,No,22.31,420,900,1
Null,VEH_503,1,O_309,2023-05-15 06:00,0,0,2023-05-15 06:00,Null,0.0,0,1440,-1
MF2305176316930,VEH_503,2,D_2168,Null,Null,Null,Null,No,11.51,780,1080,0
Null,VEH_603,1,O_45,2023-05-15 06:00,0,0,2023-05-15 06:00,Null,0.0,0,1440,-1
20230515B498099_001,VEH_603,2,D_1,Null,Null,Null,Null,No,19.07,780,1080,1
Null,VEH_702,1,O_70,2023-05-15 00:00,0,0,2023-05-15 00:00,Null,0.0,0,1440,-1
MF2305156310668,VEH_702,2,D_1827,Null,Null,Null,Null,No,22.84,420,900,0
Null,VEH_702,3,O_26,Null,Null,Null,Null,Null,0.0,0,1440,-1
20230515B498441_001,VEH_702,4,D_109,Null,Null,Null,Null,No,24.8,420,900,1
Null,VEH_802,1,O_68,2023-05-15 00:00,0,0,2023-05-15 00:00,Null,0.0,0,1440,-1
20230515B498542_001,VEH_802,2,D_56,2023-05-15 02:27,0,60,2023-05-15 03:27,Yes,17.56,0,360,0
Null,VEH_802,3,O_537,Null,Null,Null,Null,Null,0.0,0,1440,-1
M18408035,VEH_802,4,D_426,Null,Null,Null,Null,No,25.11,420,900,1
Null,VEH_803,1,O_68,2023-05-15 00:00,0,0,2023-05-15 00:00,Null,0.0,0,1440,-1
20230515B498538_001,VEH_803,2,D_56,Null,Null,Null,Null,No,19.74,420,900,0
Null,VEH_804,1,O_68,2023-05-15 00:00,0,0,2023-05-15 00:00,Null,0.0,0,1440,-1
MF2305156309453,VEH_804,2,D_1323,Null,Null,Null,Null,No,22.8,600,1020,0
Null,VEH_807,1,O_68,2023-05-15 06:00,0,0,2023-05-15 06:00,Null,0.0,0,1440,-1
20230515B498103_001,VEH_807,2,D_23,Null,Null,Null,Null,No,22.31,600,1020,1
Null,VEH_808,1,O_68,2023-05-15 06:00,0,0,2023-05-15 06:00,Null,0.0,0,1440,-1
20230515B498534_001,VEH_808,2,D_144,Null,Null,Null,Null,No,25.6,780,1080,0
Null,VEH_1002,1,O_288,2023-05-15 00:00,0,0,2023-05-15 00:00,Null,0.0,0,1440,-1
PND000124,VEH_1002,2,D_2258,2023-05-15 03:37,0,60,2023-05-15 04:37,Yes,17.07,0,360,0
Null,VEH_1002,3,O_276,Null,Null,Null,Null,Null,0.0,0,1440,-1
20230513B494586_001,VEH_1002,4,D_197,Null,Null,Null,Null,No,21.71,600,1020,1
Null,VEH_1003,1,O_288,2023-05-15 00:00,0,0,2023-05-15 00:00,Null,0.0,0,1440,-1
PND000409,VEH_1003,2,D_2234,Null,Null,Null,Null,No,19.91,600,1020,0
Null,VEH_1004,1,O_288,2023-05-15 06:00,0,0,2023-05-15 06:00,Null,0.0,0,1440,-1
PND000125,VEH_1004,2,D_2252,Null,Null,Null,Null,No,12.85,600,1020,1
Null,VEH_1008,1,O_288,2023-05-15 06:00,0,0,2023-05-15 06:00,Null,0.0,0,1440,-1
PND000456,VEH_1008,2,D_2232,Null,Null,Null,Null,No,21.27,600,1020,1
Null,VEH_1009,1,O_288,2023-05-15 06:00,0,0,2023-05-15 06:00,Null,0.0,0,1440,-1
PND000330,VEH_1009,2,D_2237,Null,Null,Null,Null,No,20.51,780,1080,0
Null,VEH_1102,1,O_73,2023-05-15 00:00,0,0,2023-05-15 00:00,Null,0.0,0,1440,-1
MF2305316385734,VEH_1102,2,D_1968,2023-05-15 04:08,0,60,2023-05-15 05:08,Yes,26.78,0,360,0
Null,VEH_1102,3,O_45,Null,Null,Null,Null,Null,0.0,0,1440,-1
20230515B498098_001,VEH_1102,4,D_1,Null,Null,Null,Null,No,13.74,600,1020,0
Null,VEH_1103,1,O_73,2023-05-15 00:00,0,0,2023-05-15 00:00,Null,0.0,0,1440,-1
MF2305316385747,VEH_1103,2,D_1966,2023-05-15 04:52,0,60,2023-05-15 05:52,Yes,17.22,0,360,0
Null,VEH_1103,3,O_276,Null,Null,Null,Null,Null,0.0,0,1440,-1
20230513B494131_001,VEH_1103,4,D_15,Null,Null,Null,Null,No,25.28,600,1020,0
Null,VEH_1104,1,O_73,2023-05-15 00:00,0,0,2023-05-15 00:00,Null,0.0,0,1440,-1
MF2305316383890,VEH_1104,2,D_1963,Null,Null,Null,Null,No,16.69,420,900,0
Null,VEH_1104,3,O_276,Null,Null,Null,Null,Null,0.0,0,1440,-1
20230515B494732_001,VEH_1104,4,D_1,Null,Null,Null,Null,No,26.94,420,900,1
Null,VEH_1105,1,O_73,2023-05-15 00:00,0,0,2023-05-15 00:00,Null,0.0,0,1440,-1
MF2305316385711,VEH_1105,2,D_1966,Null,Null,Null,Null,No,24.11,600,1020,0
Null,VEH_1106,1,O_73,2023-05-15 00:00,0,0,2023-05-15 00:00,Null,0.0,0,1440,-1
MF2305316385719,VEH_1106,2,D_1568,Null,Null,Null,Null,No,25.41,600,1020,0
Null,VEH_1107,1,O_73,2023-05-15 00:00,0,0,2023-05-15 00:00,Null,0.0,0,1440,-1
MF2305316385742,VEH_1107,2,D_1967,Null,Null,Null,Null,No,24.66,600,1020,0
Null,VEH_1108,1,O_73,2023-05-15 06:00,0,0,2023-05-15 06:00,Null,0.0,0,1440,-1
MF2305156311410,VEH_1108,2,D_1341,Null,Null,Null,Null,No,12.13,420,900,1
MF2305316385706,VEH_1108,3,D_1967,Null,Null,Null,Null,No,10.97,1080,120,0
Null,VEH_1109,1,O_73,2023-05-15 06:00,0,0,2023-05-15 06:00,Null,0.0,0,1440,-1
MF2305316385736,VEH_1109,2,D_1965,Null,Null,Null,Null,No,22.57,600,1020,1
Null,VEH_1111,1,O_73,2023-05-15 06:00,0,0,2023-05-15 06:00,Null,0.0,0,1440,-1
MF2305316384868,VEH_1111,2,D_1658,Null,Null,Null,Null,No,18.1,780,1080,0
Null,VEH_1112,1,O_73,2023-05-15 06:00,0,0,2023-05-15 06:00,Null,0.0,0,1440,-1
MF2305316385727,VEH_1112,2,D_1965,Null,Null,Null,Null,No,17.21,780,1080,0
Null,VEH_1113,1,O_73,2023-05-15 06:00,0,0,2023-05-15 06:00,Null,0.0,0,1440,-1
MF2305316384863,VEH_1113,2,D_1714,Null,Null,Null,Null,No,24.55,1080,120,1
Null,VEH_1122,1,O_73,2023-05-15 06:00,0,0,2023-05-15 06:00,Null,0.0,0,1440,-1
MF2305316385720,VEH_1122,2,D_1966,Null,Null,Null,Null,No,32.62,420,900,1
Null,VEH_1123,1,O_73,2023-05-15 06:00,0,0,2023-05-15 06:00,Null,0.0,0,1440,-1
MF2305316383902,VEH_1123,2,D_1658,Null,Null,Null,Null,No,28.87,780,1080,1
Null,VEH_1202,1,O_819,2023-05-15 00:00,0,0,2023-05-15 00:00,Null,0.0,0,1440,-1
MF2305166312782,VEH_1202,2,D_1426,Null,Null,Null,Null,No,26.59,420,900,0
Null,VEH_1202,3,O_26,Null,Null,Null,Null,Null,0.0,0,1440,-1
20230515B495621_001,VEH_1202,4,D_233,Null,Null,Null,Null,No,20.22,420,900,0
Null,VEH_1203,1,O_819,2023-05-15 00:00,0,0,2023-05-15 00:00,Null,0.0,0,1440,-1
MF2305166312772,VEH_1203,2,D_1410,Null,Null,Null,Null,No,24.12,600,1020,0
Null,VEH_1204,1,O_819,2023-05-15 06:00,0,0,2023-05-15 06:00,Null,0.0,0,1440,-1
MF2305166312812,VEH_1204,2,D_1678,Null,Null,Null,Null,No,17.1,420,900,1
Null,VEH_1205,1,O_819,2023-05-15 06:00,0,0,2023-05-15 06:00,Null,0.0,0,1440,-1
MF2305166312774,VEH_1205,2,D_1410,Null,Null,Null,Null,No,19.31,600,1020,1
Null,VEH_1302,1,O_276,2023-05-15 00:00,0,0,2023-05-15 00:00,Null,0.0,0,1440,-1
20230515B494741_001,VEH_1302,2,D_1,2023-05-15 00:11,0,60,2023-05-15 01:11,Yes,16.96,0,360,0
20230513B494105_001,VEH_1302,3,D_121,Null,Null,Null,Null,No,9.71,420,900,0
Null,VEH_1302,4,O_800,Null,Null,Null,Null,Null,0.0,0,1440,-1
20230515B497198_001,VEH_1302,5,D_31,Null,Null,Null,Null,No,21.8,420,900,0
Null,VEH_1303,1,O_276,2023-05-15 00:00,0,0,2023-05-15 00:00,Null,0.0,0,1440,-1
20230513B494265_001,VEH_1303,2,D_163,2023-05-15 01:43,0,60,2023-05-15 02:43,Yes,16.64,0,360,0
20230513B494192_001,VEH_1303,3,D_64,Null,Null,Null,Null,No,9.2,600,1020,0
Null,VEH_1304,1,O_276,2023-05-15 00:00,0,0,2023-05-15 00:00,Null,0.0,0,1440,-1
20230513B494283_001,VEH_1304,2,D_100,2023-05-15 01:54,0,60,2023-05-15 02:54,Yes,13.51,0,360,0
20230513B494570_001,VEH_1304,3,D_6,Null,Null,Null,Null,No,13.47,420,900,0
Null,VEH_1304,4,O_276,Null,Null,Null,Null,Null,0.0,0,1440,-1
20230513B494124_001,VEH_1304,5,D_191,Null,Null,Null,Null,No,17.41,600,1020,0
Null,VEH_1305,1,O_276,2023-05-15 00:00,0,0,2023-05-15 00:00,Null,0.0,0,1440,-1
20230513B494584_001,VEH_1305,2,D_146,2023-05-15 02:22,0,60,2023-05-15 03:22,Yes,24.84,0,360,0
Null,VEH_1305,3,O_800,Null,Null,Null,Null,Null,0.0,0,1440,-1
20230515B497267_001,VEH_1305,4,D_1,Null,Null,Null,Null,No,21.02,420,900,1
Null,VEH_1306,1,O_276,2023-05-15 00:00,0,0,2023-05-15 00:00,Null,0.0,0,1440,-1
20230515B495454_001,VEH_1306,2,D_150,2023-05-15 02:22,0,60,2023-05-15 03:22,Yes,17.85,0,360,0
Null,VEH_1306,3,O_800,Null,Null,Null,Null,Null,0.0,0,1440,-1
20230515B498507_001,VEH_1306,4,D_209,Null,Null,Null,Null,No,19.57,600,1020,1
Null,VEH_1307,1,O_276,2023-05-15 00:00,0,0,2023-05-15 00:00,Null,0.0,0,1440,-1
20230513B494261_001,VEH_1307,2,D_54,2023-05-15 02:51,0,60,2023-05-15 03:51,Yes,19.47,0,360,0
Null,VEH_1307,3,O_800,Null,Null,Null,Null,Null,0.0,0,1440,-1
20230515B498153_001,VEH_1307,4,D_117,Null,Null,Null,Null,No,19.38,420,900,1
Null,VEH_1308,1,O_276,2023-05-15 00:00,0,0,2023-05-15 00:00,Null,0.0,0,1440,-1
20230513B494482_001,VEH_1308,2,D_95,2023-05-15 02:55,0,60,2023-05-15 03:55,Yes,18.06,0,360,0
Null,VEH_1308,3,O_279,Null,Null,Null,Null,Null,0.0,0,1440,-1
M18406334,VEH_1308,4,D_385,Null,Null,Null,Null,No,20.43,600,1020,1
Null,VEH_1309,1,O_276,2023-05-15 00:00,0,0,2023-05-15 00:00,Null,0.0,0,1440,-1
20230513B494024_001,VEH_1309,2,D_96,2023-05-15 02:58,0,60,2023-05-15 03:58,Yes,20.38,0,360,0
Null,VEH_1309,3,O_62,Null,Null,Null,Null,Null,0.0,0,1440,-1
20230515B497984_001,VEH_1309,4,D_108,Null,Null,Null,Null,No,19.02,420,900,1
Null,VEH_1310,1,O_276,2023-05-15 00:00,0,0,2023-05-15 00:00,Null,0.0,0,1440,-1
20230515B494656_001,VEH_1310,2,D_5,2023-05-15 03:31,0,60,2023-05-15 04:31,Yes,21.81,0,360,0
Null,VEH_1310,3,O_42,Null,Null,Null,Null,Null,0.0,0,1440,-1
MF2305186339739,VEH_1310,4,D_1654,Null,Null,Null,Null,No,16.32,600,1020,1
Null,VEH_1311,1,O_276,2023-05-15 00:00,0,0,2023-05-15 00:00,Null,0.0,0,1440,-1
20230515B494843_001,VEH_1311,2,D_88,2023-05-15 04:02,0,60,2023-05-15 05:02,Yes,19.15,0,360,0
Null,VEH_1311,3,O_640,Null,Null,Null,Null,Null,0.0,0,1440,-1
MF2305166311983,VEH_1311,4,D_1341,Null,Null,Null,Null,No,26.17,600,1020,1
Null,VEH_1312,1,O_276,2023-05-15 00:00,0,0,2023-05-15 00:00,Null,0.0,0,1440,-1
20230513B493991_001,VEH_1312,2,D_83,Null,Null,Null,Null,No,13.01,420,900,0
20230513B494140_001,VEH_1312,3,D_34,Null,Null,Null,Null,No,13.47,780,1080,0
Null,VEH_1313,1,O_276,2023-05-15 00:00,0,0,2023-05-15 00:00,Null,0.0,0,1440,-1
20230513B494062_001,VEH_1313,2,D_177,Null,Null,Null,Null,No,16.89,420,900,0
Null,VEH_1313,3,O_800,Null,Null,Null,Null,Null,0.0,0,1440,-1
20230515B495978_001,VEH_1313,4,D_233,Null,Null,Null,Null,No,18.64,600,1020,1
Null,VEH_1314,1,O_276,2023-05-15 00:00,0,0,2023-05-15 00:00,Null,0.0,0,1440,-1
20230513B494115_001,VEH_1314,2,D_20,Null,Null,Null,Null,No,22.82,420,900,0
Null,VEH_1315,1,O_276,2023-05-15 00:00,0,0,2023-05-15 00:00,Null,0.0,0,1440,-1
20230513B494212_001,VEH_1315,2,D_243,Null,Null,Null,Null,No,25.32,420,900,0
Null,VEH_1315,3,O_276,Null,Null,Null,Null,Null,0.0,0,1440,-1
20230513B494290_001,VEH_1315,4,D_38,Null,Null,Null,Null,No,18.86,420,900,1
Null,VEH_1316,1,O_276,2023-05-15 00:00,0,0,2023-05-15 00:00,Null,0.0,0,1440,-1
20230513B494401_001,VEH_1316,2,D_78,Null,Null,Null,Null,No,24.67,420,900,0
Null,VEH_1316,3,O_129,Null,Null,Null,Null,Null,0.0,0,1440,-1
20230515B495844_001,VEH_1316,4,D_233,Null,Null,Null,Null,No,16.84,420,900,0
Null,VEH_1317,1,O_276,2023-05-15 00:00,0,0,2023-05-15 00:00,Null,0.0,0,1440,-1
20230513B494624_001,VEH_1317,2,D_160,Null,Null,Null,Null,No,26.3,420,900,0
Null,VEH_1317,3,O_276,Null,Null,Null,Null,Null,0.0,0,1440,-1
20230513B494107_001,VEH_1317,4,D_3,Null,Null,Null,Null,No,26.38,420,900,1
Null,VEH_1318,1,O_276,2023-05-15 00:00,0,0,2023-05-15 00:00,Null,0.0,0,1440,-1
20230513B494455_001,VEH_1318,2,D_56,Null,Null,Null,Null,No,21.78,600,1020,0
Null,VEH_1319,1,O_276,2023-05-15 00:00,0,0,2023-05-15 00:00,Null,0.0,0,1440,-1
MF2305166314636,VEH_1319,2,D_1478,Null,Null,Null,Null,No,21.95,600,1020,0
Null,VEH_1320,1,O_276,2023-05-15 06:00,0,0,2023-05-15 06:00,Null,0.0,0,1440,-1
20230513B494241_001,VEH_1320,2,D_55,Null,Null,Null,Null,No,15.17,600,1020,0
Null,VEH_1321,1,O_276,2023-05-15 06:00,0,0,2023-05-15 06:00,Null,0.0,0,1440,-1
20230513B494183_001,VEH_1321,2,D_138,Null,Null,Null,Null,No,22.54,600,1020,0
Null,VEH_1326,1,O_276,2023-05-15 06:00,0,0,2023-05-15 06:00,Null,0.0,0,1440,-1
20230513B494111_001,VEH_1326,2,D_112,Null,Null,Null,Null,No,17.65,420,900,1
20230515B494932_001,VEH_1326,3,D_104,Null,Null,Null,Null,No,9.23,0,360,1
Null,VEH_1329,1,O_276,2023-05-15 06:00,0,0,2023-05-15 06:00,Null,0.0,0,1440,-1
20230513B494289_001,VEH_1329,2,D_171,Null,Null,Null,Null,No,23.68,600,1020,0
Null,VEH_1336,1,O_276,2023-05-15 06:00,0,0,2023-05-15 06:00,Null,0.0,0,1440,-1
N_20230513922577,VEH_1336,2,D_162,Null,Null,Null,Null,No,15.28,600,1020,0
Null,VEH_1338,1,O_276,2023-05-15 06:00,0,0,2023-05-15 06:00,Null,0.0,0,1440,-1
20230513B494141_001,VEH_1338,2,D_35,Null,Null,Null,Null,No,23.4,420,900,1
Null,VEH_1344,1,O_276,2023-05-15 06:00,0,0,2023-05-15 06:00,Null,0.0,0,1440,-1
20230513B494152_001,VEH_1344,2,D_112,Null,Null,Null,Null,No,18.22,600,1020,0
Null,VEH_1345,1,O_276,2023-05-15 06:00,0,0,2023-05-15 06:00,Null,0.0,0,1440,-1
20230513B494300_001,VEH_1345,2,D_175,Null,Null,Null,Null,No,20.89,420,900,1
Null,VEH_1346,1,O_276,2023-05-15 06:00,0,0,2023-05-15 06:00,Null,0.0,0,1440,-1
M18406157,VEH_1346,2,D_410,Null,Null,Null,Null,No,22.66,600,1020,1
Null,VEH_1347,1,O_276,2023-05-15 06:00,0,0,2023-05-15 06:00,Null,0.0,0,1440,-1
20230513B494172_001,VEH_1347,2,D_194,Null,Null,Null,Null,No,19.46,600,1020,1
Null,VEH_1348,1,O_276,2023-05-15 06:00,0,0,2023-05-15 06:00,Null,0.0,0,1440,-1
20230513B493942_001,VEH_1348,2,D_196,Null,Null,Null,Null,No,17.83,780,1080,1
Null,VEH_1349,1,O_276,2023-05-15 06:00,0,0,2023-05-15 06:00,Null,0.0,0,1440,-1
20230513B494041_001,VEH_1349,2,D_171,Null,Null,Null,Null,No,19.6,780,1080,1
Null,VEH_1350,1,O_276,2023-05-15 06:00,0,0,2023-05-15 06:00,Null,0.0,0,1440,-1
20230513B494049_001,VEH_1350,2,D_63,Null,Null,Null,Null,No,17.41,780,1080,1
Null,VEH_1351,1,O_276,2023-05-15 06:00,0,0,2023-05-15 06:00,Null,0.0,0,1440,-1
20230513B494083_001,VEH_1351,2,D_18,Null,Null,Null,Null,No,23.25,780,1080,1
Null,VEH_1352,1,O_276,2023-05-15 00:00,0,0,2023-05-15 00:00,Null,0.0,0,1440,-1
N_20230513933383,VEH_1352,2,D_73,2023-05-15 02:08,0,60,2023-05-15 03:08,Yes,30.62,0,360,0
Null,VEH_1352,3,O_276,Null,Null,Null,Null,Null,0.0,0,1440,-1
20230513B494169_001,VEH_1352,4,D_45,Null,Null,Null,Null,No,27.36,600,1020,0
Null,VEH_1353,1,O_276,2023-05-15 00:00,0,0,2023-05-15 00:00,Null,0.0,0,1440,-1
20230513B494477_001,VEH_1353,2,D_121,2023-05-15 02:11,0,60,2023-05-15 03:11,Yes,28.26,0,360,0
Null,VEH_1353,3,O_800,Null,Null,Null,Null,Null,0.0,0,1440,-1
20230515B495759_001,VEH_1353,4,D_59,Null,Null,Null,Null,No,27.13,420,900,0
Null,VEH_1354,1,O_276,2023-05-15 00:00,0,0,2023-05-15 00:00,Null,0.0,0,1440,-1
20230513B494110_001,VEH_1354,2,D_116,2023-05-15 02:41,0,60,2023-05-15 03:41,Yes,27.15,0,360,0
Null,VEH_1354,3,O_800,Null,Null,Null,Null,Null,0.0,0,1440,-1
20230515B497469_001,VEH_1354,4,D_109,Null,Null,Null,Null,No,28.33,420,900,1
Null,VEH_1355,1,O_276,2023-05-15 00:00,0,0,2023-05-15 00:00,Null,0.0,0,1440,-1
20230513B494255_001,VEH_1355,2,D_90,2023-05-15 04:20,0,60,2023-05-15 05:20,Yes,28.12,0,360,0
Null,VEH_1355,3,O_537,Null,Null,Null,Null,Null,0.0,0,1440,-1
M18406009,VEH_1355,4,D_376,Null,Null,Null,Null,No,30.11,600,1020,0
Null,VEH_1356,1,O_276,2023-05-15 00:00,0,0,2023-05-15 00:00,Null,0.0,0,1440,-1
20230513B494205_001,VEH_1356,2,D_144,Null,Null,Null,Null,No,27.87,420,900,0
Null,VEH_1358,1,O_276,2023-05-15 06:00,0,0,2023-05-15 06:00,Null,0.0,0,1440,-1
20230513B494119_001,VEH_1358,2,D_125,Null,Null,Null,Null,No,30.52,420,900,1
Null,VEH_1359,1,O_276,2023-05-15 06:00,0,0,2023-05-15 06:00,Null,0.0,0,1440,-1
20230513B494213_001,VEH_1359,2,D_74,Null,Null,Null,Null,No,30.96,600,1020,1
Null,VEH_1360,1,O_276,2023-05-15 06:00,0,0,2023-05-15 06:00,Null,0.0,0,1440,-1
20230513B494039_001,VEH_1360,2,D_170,Null,Null,Null,Null,No,28.77,600,1020,0
Null,VEH_1361,1,O_276,2023-05-15 06:00,0,0,2023-05-15 06:00,Null,0.0,0,1440,-1
20230513B494125_001,VEH_1361,2,D_8,Null,Null,Null,Null,No,15.56,780,1080,1
20230513B494147_001,VEH_1361,3,D_8,Null,Null,Null,Null,No,17.34,780,1080,1
Null,VEH_1362,1,O_276,2023-05-15 06:00,0,0,2023-05-15 06:00,Null,0.0,0,1440,-1
20230513B494206_001,VEH_1362,2,D_70,Null,Null,Null,Null,No,15.43,780,1080,1
20230513B494295_001,VEH_1362,3,D_63,Null,Null,Null,Null,No,16.6,780,1080,0
Null,VEH_1363,1,O_276,2023-05-15 06:00,0,0,2023-05-15 06:00,Null,0.0,0,1440,-1
20230513B494220_001,VEH_1363,2,D_147,Null,Null,Null,Null,No,19.2,780,1080,1
20230513B493841_001,VEH_1363,3,D_18,Null,Null,Null,Null,No,12.35,780,1080,0
Null,VEH_1364,1,O_276,2023-05-15 06:00,0,0,2023-05-15 06:00,Null,0.0,0,1440,-1
20230513B494231_001,VEH_1364,2,D_41,Null,Null,Null,Null,No,20.69,780,1080,1
Null,VEH_1365,1,O_276,2023-05-15 06:00,0,0,2023-05-15 06:00,Null,0.0,0,1440,-1
20230513B494256_001,VEH_1365,2,D_157,Null,Null,Null,Null,No,21.23,780,1080,1
Null,VEH_1366,1,O_276,2023-05-15 06:00,0,0,2023-05-15 06:00,Null,0.0,0,1440,-1
20230513B494296_001,VEH_1366,2,D_114,Null,Null,Null,Null,No,19.33,780,1080,1
20230513B494328_001,VEH_1366,3,D_32,Null,Null,Null,Null,No,13.27,780,1080,0
Null,VEH_1367,1,O_276,2023-05-15 06:00,0,0,2023-05-15 06:00,Null,0.0,0,1440,-1
20230513B494500_001,VEH_1367,2,D_98,Null,Null,Null,Null,No,31.45,780,1080,1
Null,VEH_1368,1,O_276,2023-05-15 06:00,0,0,2023-05-15 06:00,Null,0.0,0,1440,-1
M18406125,VEH_1368,2,D_410,Null,Null,Null,Null,No,23.44,780,1080,1
Null,VEH_1369,1,O_276,2023-05-15 06:00,0,0,2023-05-15 06:00,Null,0.0,0,1440,-1
MF2305166312389,VEH_1369,2,D_1788,Null,Null,Null,Null,No,20.51,780,1080,1
Null,VEH_1370,1,O_276,2023-05-15 06:00,0,0,2023-05-15 06:00,Null,0.0,0,1440,-1
20230513B493966_001,VEH_1370,2,D_67,Null,Null,Null,Null,No,20.83,780,1080,0
Null,VEH_1371,1,O_276,2023-05-15 06:00,0,0,2023-05-15 06:00,Null,0.0,0,1440,-1
20230513B494003_001,VEH_1371,2,D_56,Null,Null,Null,Null,No,30.79,780,1080,0
Null,VEH_1372,1,O_276,2023-05-15 06:00,0,0,2023-05-15 06:00,Null,0.0,0,1440,-1
20230513B494012_001,VEH_1372,2,D_159,Null,Null,Null,Null,No,20.81,780,1080,0
Null,VEH_1373,1,O_276,2023-05-15 06:00,0,0,2023-05-15 06:00,Null,0.0,0,1440,-1
20230513B494048_001,VEH_1373,2,D_63,Null,Null,Null,Null,No,18.23,780,1080,0
20230513B494324_001,VEH_1373,3,D_5,Null,Null,Null,Null,No,13.6,1080,120,1
Null,VEH_1374,1,O_276,2023-05-15 06:00,0,0,2023-05-15 06:00,Null,0.0,0,1440,-1
20230513B494145_001,VEH_1374,2,D_38,Null,Null,Null,Null,No,32.02,780,1080,0
Null,VEH_1375,1,O_276,2023-05-15 06:00,0,0,2023-05-15 06:00,Null,0.0,0,1440,-1
20230513B494158_001,VEH_1375,2,D_26,Null,Null,Null,Null,No,20.03,780,1080,0
Null,VEH_1376,1,O_276,2023-05-15 06:00,0,0,2023-05-15 06:00,Null,0.0,0,1440,-1
20230513B494175_001,VEH_1376,2,D_196,Null,Null,Null,Null,No,28.88,780,1080,0
Null,VEH_1377,1,O_276,2023-05-15 06:00,0,0,2023-05-15 06:00,Null,0.0,0,1440,-1
20230513B494187_001,VEH_1377,2,D_27,Null,Null,Null,Null,No,27.46,780,1080,0
Null,VEH_1378,1,O_276,2023-05-15 06:00,0,0,2023-05-15 06:00,Null,0.0,0,1440,-1
20230513B494201_001,VEH_1378,2,D_113,Null,Null,Null,Null,No,29.75,780,1080,0
Null,VEH_1379,1,O_276,2023-05-15 06:00,0,0,2023-05-15 06:00,Null,0.0,0,1440,-1
20230513B494217_001,VEH_1379,2,D_146,Null,Null,Null,Null,No,22.39,780,1080,0
Null,VEH_1380,1,O_276,2023-05-15 06:00,0,0,2023-05-15 06:00,Null,0.0,0,1440,-1
20230513B494229_001,VEH_1380,2,D_83,Null,Null,Null,Null,No,25.75,780,1080,0
Null,VEH_1381,1,O_276,2023-05-15 06:00,0,0,2023-05-15 06:00,Null,0.0,0,1440,-1
20230513B494248_001,VEH_1381,2,D_60,Null,Null,Null,Null,No,20.43,780,1080,0
Null,VEH_1382,1,O_276,2023-05-15 06:00,0,0,2023-05-15 06:00,Null,0.0,0,1440,-1
20230515B494925_001,VEH_1382,2,D_173,Null,Null,Null,Null,No,16.82,780,1080,0
20230513B493925_001,VEH_1382,3,D_206,Null,Null,Null,Null,No,13.65,1080,120,0
Null,VEH_1383,1,O_276,2023-05-15 06:00,0,0,2023-05-15 06:00,Null,0.0,0,1440,-1
M18408074,VEH_1383,2,D_390,Null,Null,Null,Null,No,30.56,780,1080,0
Null,VEH_1384,1,O_276,2023-05-15 06:00,0,0,2023-05-15 06:00,Null,0.0,0,1440,-1
MF2305166312379,VEH_1384,2,D_1788,Null,Null,Null,Null,No,22.69,780,1080,0
Null,VEH_1385,1,O_276,2023-05-15 06:00,0,0,2023-05-15 06:00,Null,0.0,0,1440,-1
MF2305166312387,VEH_1385,2,D_1788,Null,Null,Null,Null,No,25.59,780,1080,0
Null,VEH_1402,1,O_276,2023-05-15 06:00,0,0,2023-05-15 06:00,Null,0.0,0,1440,-1
20230513B494478_001,VEH_1402,2,D_132,Null,Null,Null,Null,No,33.59,780,1080,1
Null,VEH_1403,1,O_276,2023-05-15 06:00,0,0,2023-05-15 06:00,Null,0.0,0,1440,-1
M18408068,VEH_1403,2,D_294,Null,Null,Null,Null,No,37.11,780,1080,1
Null,VEH_1553,1,O_428,2023-05-15 06:00,0,0,2023-05-15 06:00,Null,0.0,0,1440,-1
MF2305306377254,VEH_1553,2,D_2722,Null,Null,Null,Null,No,22.09,420,900,1
Null,VEH_1652,1,O_555,2023-05-15 06:00,0,0,2023-05-15 06:00,Null,0.0,0,1440,-1
MF2305156310820,VEH_1652,2,D_2100,Null,Null,Null,Null,No,23.29,420,900,1
Null,VEH_1653,1,O_555,2023-05-15 06:00,0,0,2023-05-15 06:00,Null,0.0,0,1440,-1
MF2305156310900,VEH_1653,2,D_2100,Null,Null,Null,Null,No,13.62,780,1080,0
Null,VEH_1752,1,O_614,2023-05-15 00:00,0,0,2023-05-15 00:00,Null,0.0,0,1440,-1
MF2305236350943,VEH_1752,2,D_1757,2023-05-15 04:53,0,60,2023-05-15 05:53,Yes,24.53,0,360,0
Null,VEH_1752,3,O_73,Null,Null,Null,Null,Null,0.0,0,1440,-1
MF2305316385707,VEH_1752,4,D_1968,Null,Null,Null,Null,No,19.71,600,1020,1
Null,VEH_1753,1,O_614,2023-05-15 00:00,0,0,2023-05-15 00:00,Null,0.0,0,1440,-1
MF2305176316922,VEH_1753,2,D_1561,Null,Null,Null,Null,No,16.73,420,900,0
Null,VEH_1754,1,O_614,2023-05-15 00:00,0,0,2023-05-15 00:00,Null,0.0,0,1440,-1
MF2305176322262,VEH_1754,2,D_1628,Null,Null,Null,Null,No,20.74,420,900,0
Null,VEH_1755,1,O_614,2023-05-15 00:00,0,0,2023-05-15 00:00,Null,0.0,0,1440,-1
MF2305176322272,VEH_1755,2,D_1410,Null,Null,Null,Null,No,17.68,420,900,0
Null,VEH_1756,1,O_614,2023-05-15 00:00,0,0,2023-05-15 00:00,Null,0.0,0,1440,-1
MF2305166314295,VEH_1756,2,D_1201,Null,Null,Null,Null,No,20.18,600,1020,0
Null,VEH_1757,1,O_614,2023-05-15 06:00,0,0,2023-05-15 06:00,Null,0.0,0,1440,-1
MF2305166314292,VEH_1757,2,D_1224,Null,Null,Null,Null,No,25.75,420,900,1
Null,VEH_1758,1,O_614,2023-05-15 06:00,0,0,2023-05-15 06:00,Null,0.0,0,1440,-1
MF2305176322279,VEH_1758,2,D_1225,Null,Null,Null,Null,No,20.6,420,900,1
Null,VEH_1759,1,O_614,2023-05-15 06:00,0,0,2023-05-15 06:00,Null,0.0,0,1440,-1
MF2305176316924,VEH_1759,2,D_1697,Null,Null,Null,Null,No,24.39,600,1020,1
Null,VEH_1760,1,O_614,2023-05-15 06:00,0,0,2023-05-15 06:00,Null,0.0,0,1440,-1
MF2305246360148,VEH_1760,2,D_1757,Null,Null,Null,Null,No,23.14,780,1080,1
Null,VEH_1852,1,O_495,2023-05-15 00:00,0,0,2023-05-15 00:00,Null,0.0,0,1440,-1
20230515B498481_001,VEH_1852,2,D_209,2023-05-15 00:56,0,60,2023-05-15 01:56,Yes,25.55,0,360,0
Null,VEH_1852,3,O_276,Null,Null,Null,Null,Null,0.0,0,1440,-1
20230513B494202_001,VEH_1852,4,D_67,Null,Null,Null,Null,No,20.17,420,900,1
Null,VEH_1853,1,O_495,2023-05-15 00:00,0,0,2023-05-15 00:00,Null,0.0,0,1440,-1
20230515B498464_001,VEH_1853,2,D_1,2023-05-15 01:09,0,60,2023-05-15 02:09,Yes,9.52,0,360,0
20230515B495049_001,VEH_1853,3,D_6,Null,Null,Null,Null,No,16.22,600,1020,0
Null,VEH_1854,1,O_495,2023-05-15 00:00,0,0,2023-05-15 00:00,Null,0.0,0,1440,-1
MF2305256365178,VEH_1854,2,D_2403,2023-05-15 01:29,0,60,2023-05-15 02:29,Yes,23.25,0,360,0
Null,VEH_1854,3,O_26,Null,Null,Null,Null,Null,0.0,0,1440,-1
20230515B495615_001,VEH_1854,4,D_233,Null,Null,Null,Null,No,17.95,600,1020,0
Null,VEH_1855,1,O_495,2023-05-15 00:00,0,0,2023-05-15 00:00,Null,0.0,0,1440,-1
20230515B495120_001,VEH_1855,2,D_29,Null,Null,Null,Null,No,22.21,600,1020,0
Null,VEH_1857,1,O_495,2023-05-15 06:00,0,0,2023-05-15 06:00,Null,0.0,0,1440,-1
20230515B495064_001,VEH_1857,2,D_34,Null,Null,Null,Null,No,26.18,420,900,1
Null,VEH_1858,1,O_495,2023-05-15 06:00,0,0,2023-05-15 06:00,Null,0.0,0,1440,-1
20230515B498485_001,VEH_1858,2,D_205,Null,Null,Null,Null,No,18.59,600,1020,0
Null,VEH_1861,1,O_495,2023-05-15 06:00,0,0,2023-05-15 06:00,Null,0.0,0,1440,-1
20230515B495180_001,VEH_1861,2,D_61,Null,Null,Null,Null,No,23.83,420,900,1
Null,VEH_1863,1,O_495,2023-05-15 06:00,0,0,2023-05-15 06:00,Null,0.0,0,1440,-1
MF2305166314307,VEH_1863,2,D_1348,Null,Null,Null,Null,No,16.14,600,1020,1
Null,VEH_1864,1,O_495,2023-05-15 06:00,0,0,2023-05-15 06:00,Null,0.0,0,1440,-1
MF2305156309513,VEH_1864,2,D_1193,Null,Null,Null,Null,No,14.15,420,900,1
Null,VEH_1865,1,O_495,2023-05-15 06:00,0,0,2023-05-15 06:00,Null,0.0,0,1440,-1
20230515B498478_001,VEH_1865,2,D_109,Null,Null,Null,Null,No,26.22,420,900,1
Null,VEH_1866,1,O_495,2023-05-15 06:00,0,0,2023-05-15 06:00,Null,0.0,0,1440,-1
20230515B495073_001,VEH_1866,2,D_82,Null,Null,Null,Null,No,14.77,780,1080,0
Null,VEH_1867,1,O_495,2023-05-15 06:00,0,0,2023-05-15 06:00,Null,0.0,0,1440,-1
20230515B498422_001,VEH_1867,2,D_1,Null,Null,Null,Null,No,21.13,780,1080,0
Null,VEH_1868,1,O_495,2023-05-15 06:00,0,0,2023-05-15 06:00,Null,0.0,0,1440,-1
20230515B498468_001,VEH_1868,2,D_1,Null,Null,Null,Null,No,14.18,780,1080,0
Null,VEH_1869,1,O_495,2023-05-15 06:00,0,0,2023-05-15 06:00,Null,0.0,0,1440,-1
20230515B498473_001,VEH_1869,2,D_109,Null,Null,Null,Null,No,23.51,780,1080,0
Null,VEH_1870,1,O_495,2023-05-15 06:00,0,0,2023-05-15 06:00,Null,0.0,0,1440,-1
MF2305156298556,VEH_1870,2,D_1298,Null,Null,Null,Null,No,21.65,780,1080,0
Null,VEH_2002,1,O_390,2023-05-15 00:00,0,0,2023-05-15 00:00,Null,0.0,0,1440,-1
MF2305226348287,VEH_2002,2,D_1816,Null,Null,Null,Null,No,18.79,420,900,0
Null,VEH_2003,1,O_390,2023-05-15 06:00,0,0,2023-05-15 06:00,Null,0.0,0,1440,-1
MF2305316391077,VEH_2003,2,D_1657,Null,Null,Null,Null,No,23.95,780,1080,1
Null,VEH_2302,1,O_800,2023-05-15 00:00,0,0,2023-05-15 00:00,Null,0.0,0,1440,-1
20230515B497308_001,VEH_2302,2,D_53,2023-05-15 00:12,0,60,2023-05-15 01:12,Yes,21.12,0,360,0
Null,VEH_2302,3,O_800,Null,Null,Null,Null,Null,0.0,0,1440,-1
20230515B498260_001,VEH_2302,4,D_197,Null,Null,Null,Null,No,17.8,600,1020,1
Null,VEH_2303,1,O_800,2023-05-15 00:00,0,0,2023-05-15 00:00,Null,0.0,0,1440,-1
20230515B497540_001,VEH_2303,2,D_97,2023-05-15 00:20,0,60,2023-05-15 01:20,Yes,18.83,1080,120,0
Null,VEH_2303,3,O_800,Null,Null,Null,Null,Null,0.0,0,1440,-1
20230515B497170_001,VEH_2303,4,D_18,Null,Null,Null,Null,No,21.41,600,1020,0
Null,VEH_2304,1,O_800,2023-05-15 00:00,0,0,2023-05-15 00:00,Null,0.0,0,1440,-1
20230515B497157_001,VEH_2304,2,D_4,2023-05-15 00:39,0,60,2023-05-15 01:39,Yes,13.78,1080,120,0
20230515B497883_001,VEH_2304,3,D_99,Null,Null,Null,Null,No,11.39,600,1020,0
Null,VEH_2305,1,O_800,2023-05-15 00:00,0,0,2023-05-15 00:00,Null,0.0,0,1440,-1
20230515B497400_001,VEH_2305,2,D_114,2023-05-15 00:39,0,60,2023-05-15 01:39,Yes,18.79,1080,120,0
Null,VEH_2305,3,O_800,Null,Null,Null,Null,Null,0.0,0,1440,-1
20230515B498322_001,VEH_2305,4,D_98,Null,Null,Null,Null,No,26.95,600,1020,1
Null,VEH_2306,1,O_800,2023-05-15 00:00,0,0,2023-05-15 00:00,Null,0.0,0,1440,-1
20230515B497514_001,VEH_2306,2,D_163,2023-05-15 00:49,0,60,2023-05-15 01:49,Yes,22.57,1080,120,0
Null,VEH_2306,3,O_276,Null,Null,Null,Null,Null,0.0,0,1440,-1
20230515B494699_001,VEH_2306,4,D_23,Null,Null,Null,Null,No,18.93,600,1020,1
Null,VEH_2307,1,O_800,2023-05-15 00:00,0,0,2023-05-15 00:00,Null,0.0,0,1440,-1
20230515B497413_001,VEH_2307,2,D_41,2023-05-15 00:53,0,60,2023-05-15 01:53,Yes,20.52,0,360,0
Null,VEH_2307,3,O_26,Null,Null,Null,Null,Null,0.0,0,1440,-1
20230515B498431_001,VEH_2307,4,D_1,Null,Null,Null,Null,No,25.61,420,900,1
Null,VEH_2308,1,O_800,2023-05-15 00:00,0,0,2023-05-15 00:00,Null,0.0,0,1440,-1
20230515B497280_001,VEH_2308,2,D_194,2023-05-15 01:13,0,60,2023-05-15 02:13,Yes,13.56,1080,120,0
Null,VEH_2308,3,O_800,Null,Null,Null,Null,Null,0.0,0,1440,-1
20230515B498352_001,VEH_2308,4,D_103,Null,Null,Null,Null,No,25.96,420,900,1
Null,VEH_2309,1,O_800,2023-05-15 00:00,0,0,2023-05-15 00:00,Null,0.0,0,1440,-1
20230515B498253_001,VEH_2309,2,D_84,2023-05-15 01:18,0,60,2023-05-15 02:18,Yes,17.81,0,360,0
Null,VEH_2309,3,O_495,Null,Null,Null,Null,Null,0.0,0,1440,-1
20230515B498465_001,VEH_2309,4,D_1,Null,Null,Null,Null,No,21.07,600,1020,1
Null,VEH_2310,1,O_800,2023-05-15 00:00,0,0,2023-05-15 00:00,Null,0.0,0,1440,-1
20230515B497265_001,VEH_2310,2,D_1,2023-05-15 01:58,0,60,2023-05-15 02:58,Yes,17.67,0,360,0
Null,VEH_2310,3,O_276,Null,Null,Null,Null,Null,0.0,0,1440,-1
20230513B493859_001,VEH_2310,4,D_104,Null,Null,Null,Null,No,20.09,600,1020,1
Null,VEH_2311,1,O_800,2023-05-15 00:00,0,0,2023-05-15 00:00,Null,0.0,0,1440,-1
20230515B495245_001,VEH_2311,2,D_193,Null,Null,Null,Null,No,20.8,420,900,0
Null,VEH_2311,3,O_276,Null,Null,Null,Null,Null,0.0,0,1440,-1
20230513B494458_001,VEH_2311,4,D_96,Null,Null,Null,Null,No,14.91,600,1020,1
Null,VEH_2312,1,O_800,2023-05-15 00:00,0,0,2023-05-15 00:00,Null,0.0,0,1440,-1
20230515B497229_001,VEH_2312,2,D_112,Null,Null,Null,Null,No,23.16,420,900,0
Null,VEH_2312,3,O_800,Null,Null,Null,Null,Null,0.0,0,1440,-1
20230515B498286_001,VEH_2312,4,D_54,Null,Null,Null,Null,No,19.55,600,1020,0
Null,VEH_2313,1,O_800,2023-05-15 00:00,0,0,2023-05-15 00:00,Null,0.0,0,1440,-1
20230515B497474_001,VEH_2313,2,D_109,Null,Null,Null,Null,No,18.42,420,900,0
Null,VEH_2313,3,O_276,Null,Null,Null,Null,Null,0.0,0,1440,-1
20230513B494262_001,VEH_2313,4,D_162,Null,Null,Null,Null,No,26.94,420,900,1
Null,VEH_2314,1,O_800,2023-05-15 00:00,0,0,2023-05-15 00:00,Null,0.0,0,1440,-1
20230515B497551_001,VEH_2314,2,D_49,Null,Null,Null,Null,No,16.18,420,900,0
Null,VEH_2314,3,O_800,Null,Null,Null,Null,Null,0.0,0,1440,-1
20230515B497237_001,VEH_2314,4,D_26,Null,Null,Null,Null,No,22.99,600,1020,1
Null,VEH_2315,1,O_800,2023-05-15 00:00,0,0,2023-05-15 00:00,Null,0.0,0,1440,-1
20230515B497573_001,VEH_2315,2,D_166,Null,Null,Null,Null,No,15.66,420,900,0
Null,VEH_2315,3,O_800,Null,Null,Null,Null,Null,0.0,0,1440,-1
20230515B497586_001,VEH_2315,4,D_171,Null,Null,Null,Null,No,20.94,600,1020,0
Null,VEH_2316,1,O_800,2023-05-15 00:00,0,0,2023-05-15 00:00,Null,0.0,0,1440,-1
20230515B497602_001,VEH_2316,2,D_186,Null,Null,Null,Null,No,20.8,420,900,0
Null,VEH_2316,3,O_800,Null,Null,Null,Null,Null,0.0,0,1440,-1
20230515B497202_001,VEH_2316,4,D_192,Null,Null,Null,Null,No,26.21,600,1020,1
Null,VEH_2317,1,O_800,2023-05-15 00:00,0,0,2023-05-15 00:00,Null,0.0,0,1440,-1
20230515B497723_001,VEH_2317,2,D_84,Null,Null,Null,Null,No,14.83,420,900,0
Null,VEH_2317,3,O_495,Null,Null,Null,Null,Null,0.0,0,1440,-1
20230515B498474_001,VEH_2317,4,D_109,Null,Null,Null,Null,No,18.68,600,1020,1
Null,VEH_2318,1,O_800,2023-05-15 00:00,0,0,2023-05-15 00:00,Null,0.0,0,1440,-1
20230515B498163_001,VEH_2318,2,D_206,Null,Null,Null,Null,No,18.63,420,900,0
Null,VEH_2318,3,O_800,Null,Null,Null,Null,Null,0.0,0,1440,-1
20230515B498456_001,VEH_2318,4,D_1,Null,Null,Null,Null,No,13.6,600,1020,1
Null,VEH_2319,1,O_800,2023-05-15 00:00,0,0,2023-05-15 00:00,Null,0.0,0,1440,-1
MF2305156310880,VEH_2319,2,D_1278,Null,Null,Null,Null,No,25.89,600,1020,0
Null,VEH_2335,1,O_800,2023-05-15 06:00,0,0,2023-05-15 06:00,Null,0.0,0,1440,-1
20230515B497311_001,VEH_2335,2,D_180,Null,Null,Null,Null,No,16.79,780,1080,1
Null,VEH_2336,1,O_800,2023-05-15 06:00,0,0,2023-05-15 06:00,Null,0.0,0,1440,-1
20230515B497497_001,VEH_2336,2,D_54,Null,Null,Null,Null,No,18.69,780,1080,1
Null,VEH_2337,1,O_800,2023-05-15 06:00,0,0,2023-05-15 06:00,Null,0.0,0,1440,-1
20230515B497558_001,VEH_2337,2,D_11,Null,Null,Null,Null,No,26.55,780,1080,1
Null,VEH_2338,1,O_800,2023-05-15 06:00,0,0,2023-05-15 06:00,Null,0.0,0,1440,-1
MF2305276372473,VEH_2338,2,D_2687,Null,Null,Null,Null,No,23.06,780,1080,1
Null,VEH_2339,1,O_800,2023-05-15 06:00,0,0,2023-05-15 06:00,Null,0.0,0,1440,-1
20230515B497450_001,VEH_2339,2,D_152,Null,Null,Null,Null,No,14.34,780,1080,0
Null,VEH_2340,1,O_800,2023-05-15 06:00,0,0,2023-05-15 06:00,Null,0.0,0,1440,-1
20230515B497492_001,VEH_2340,2,D_92,Null,Null,Null,Null,No,22.23,780,1080,0
Null,VEH_2341,1,O_800,2023-05-15 06:00,0,0,2023-05-15 06:00,Null,0.0,0,1440,-1
20230515B498147_001,VEH_2341,2,D_112,Null,Null,Null,Null,No,17.82,780,1080,0
Null,VEH_2342,1,O_800,2023-05-15 06:00,0,0,2023-05-15 06:00,Null,0.0,0,1440,-1
20230515B498454_001,VEH_2342,2,D_1,Null,Null,Null,Null,No,19.79,780,1080,0
Null,VEH_2354,1,O_800,2023-05-15 06:00,0,0,2023-05-15 06:00,Null,0.0,0,1440,-1
20230515B497468_001,VEH_2354,2,D_109,Null,Null,Null,Null,No,32.23,420,900,0
Null,VEH_2355,1,O_800,2023-05-15 06:00,0,0,2023-05-15 06:00,Null,0.0,0,1440,-1
20230515B497284_001,VEH_2355,2,D_49,Null,Null,Null,Null,No,28.78,420,900,1
Null,VEH_2356,1,O_800,2023-05-15 06:00,0,0,2023-05-15 06:00,Null,0.0,0,1440,-1
MF2305126295512,VEH_2356,2,D_1278,Null,Null,Null,Null,No,32.24,420,900,0
Null,VEH_2357,1,O_800,2023-05-15 06:00,0,0,2023-05-15 06:00,Null,0.0,0,1440,-1
20230515B498056_001,VEH_2357,2,D_3,Null,Null,Null,Null,No,27.2,600,1020,0
Null,VEH_2358,1,O_800,2023-05-15 06:00,0,0,2023-05-15 06:00,Null,0.0,0,1440,-1
20230515B498225_001,VEH_2358,2,D_147,Null,Null,Null,Null,No,27.74,600,1020,0
Null,VEH_2359,1,O_800,2023-05-15 06:00,0,0,2023-05-15 06:00,Null,0.0,0,1440,-1
20230515B498116_001,VEH_2359,2,D_18,Null,Null,Null,Null,No,31.19,600,1020,0
Null,VEH_2360,1,O_800,2023-05-15 06:00,0,0,2023-05-15 06:00,Null,0.0,0,1440,-1
20230515B497178_001,VEH_2360,2,D_125,Null,Null,Null,Null,No,32.63,780,1080,1
Null,VEH_2361,1,O_800,2023-05-15 06:00,0,0,2023-05-15 06:00,Null,0.0,0,1440,-1
20230515B498506_001,VEH_2361,2,D_209,Null,Null,Null,Null,No,28.64,780,1080,0
Null,VEH_2552,1,O_26,2023-05-15 00:00,0,0,2023-05-15 00:00,Null,0.0,0,1440,-1
20230515B498426_001,VEH_2552,2,D_1,2023-05-15 02:13,0,60,2023-05-15 03:13,Yes,20.08,0,360,0
Null,VEH_2552,3,O_276,Null,Null,Null,Null,Null,0.0,0,1440,-1
20230513B493904_001,VEH_2552,4,D_34,Null,Null,Null,Null,No,21.78,600,1020,1
Null,VEH_2553,1,O_26,2023-05-15 00:00,0,0,2023-05-15 00:00,Null,0.0,0,1440,-1
20230515B495827_001,VEH_2553,2,D_208,Null,Null,Null,Null,No,18.97,420,900,0
Null,VEH_2553,3,O_276,Null,Null,Null,Null,Null,0.0,0,1440,-1
20230515B494730_001,VEH_2553,4,D_1,Null,Null,Null,Null,No,20.76,600,1020,0
Null,VEH_2554,1,O_26,2023-05-15 00:00,0,0,2023-05-15 00:00,Null,0.0,0,1440,-1
20230515B497085_001,VEH_2554,2,D_209,Null,Null,Null,Null,No,19.76,420,900,0
Null,VEH_2554,3,O_276,Null,Null,Null,Null,Null,0.0,0,1440,-1
20230513B493901_001,VEH_2554,4,D_32,Null,Null,Null,Null,No,26.76,600,1020,0
Null,VEH_2560,1,O_26,2023-05-15 06:00,0,0,2023-05-15 06:00,Null,0.0,0,1440,-1
20230515B498440_001,VEH_2560,2,D_109,Null,Null,Null,Null,No,17.08,600,1020,0
20230515B495818_001,VEH_2560,3,D_208,Null,Null,Null,Null,No,9.91,0,360,1
Null,VEH_2561,1,O_26,2023-05-15 06:00,0,0,2023-05-15 06:00,Null,0.0,0,1440,-1
20230515B495828_001,VEH_2561,2,D_208,Null,Null,Null,Null,No,24.97,780,1080,1
Null,VEH_2562,1,O_26,2023-05-15 06:00,0,0,2023-05-15 06:00,Null,0.0,0,1440,-1
20230515B497086_001,VEH_2562,2,D_209,Null,Null,Null,Null,No,22.52,780,1080,1
Null,VEH_2563,1,O_26,2023-05-15 06:00,0,0,2023-05-15 06:00,Null,0.0,0,1440,-1
20230515B498449_001,VEH_2563,2,D_209,Null,Null,Null,Null,No,18.19,780,1080,1
Null,VEH_2564,1,O_26,2023-05-15 06:00,0,0,2023-05-15 06:00,Null,0.0,0,1440,-1
20230515B498427_001,VEH_2564,2,D_1,Null,Null,Null,Null,No,22.76,420,900,1
Null,VEH_2572,1,O_26,2023-05-15 06:00,0,0,2023-05-15 06:00,Null,0.0,0,1440,-1
M18405594,VEH_2572,2,D_505,Null,Null,Null,Null,No,29.83,600,1020,0
Null,VEH_2573,1,O_26,2023-05-15 06:00,0,0,2023-05-15 06:00,Null,0.0,0,1440,-1
20230515B498430_001,VEH_2573,2,D_1,Null,Null,Null,Null,No,27.32,780,1080,0
Null,VEH_2752,1,O_279,2023-05-15 00:00,0,0,2023-05-15 00:00,Null,0.0,0,1440,-1
M18406028,VEH_2752,2,D_584,2023-05-15 03:54,0,60,2023-05-15 04:54,Yes,15.68,0,360,0
Null,VEH_2753,1,O_279,2023-05-15 00:00,0,0,2023-05-15 00:00,Null,0.0,0,1440,-1
M18408025,VEH_2753,2,D_293,Null,Null,Null,Null,No,22.84,0,360,0
Null,VEH_2753,3,O_288,Null,Null,Null,Null,Null,0.0,0,1440,-1
PND000077,VEH_2753,4,D_2270,Null,Null,Null,Null,No,17.43,600,1020,1
Null,VEH_2754,1,O_279,2023-05-15 00:00,0,0,2023-05-15 00:00,Null,0.0,0,1440,-1
M18405964,VEH_2754,2,D_924,Null,Null,Null,Null,No,22.41,0,360,0
Null,VEH_2754,3,O_288,Null,Null,Null,Null,Null,0.0,0,1440,-1
PND000194,VEH_2754,4,D_2930,Null,Null,Null,Null,No,26.42,600,1020,0
Null,VEH_2755,1,O_279,2023-05-15 00:00,0,0,2023-05-15 00:00,Null,0.0,0,1440,-1
M18407962,VEH_2755,2,D_390,Null,Null,Null,Null,No,24.51,0,360,0
Null,VEH_2755,3,O_68,Null,Null,Null,Null,Null,0.0,0,1440,-1
20230515B498531_001,VEH_2755,4,D_29,Null,Null,Null,Null,No,17.85,600,1020,1
Null,VEH_2756,1,O_279,2023-05-15 00:00,0,0,2023-05-15 00:00,Null,0.0,0,1440,-1
M18405861,VEH_2756,2,D_262,Null,Null,Null,Null,No,16.58,420,900,0
Null,VEH_2756,3,O_276,Null,Null,Null,Null,Null,0.0,0,1440,-1
20230515B494724_001,VEH_2756,4,D_1,Null,Null,Null,Null,No,20.15,600,1020,0
Null,VEH_2757,1,O_279,2023-05-15 00:00,0,0,2023-05-15 00:00,Null,0.0,0,1440,-1
M18406375,VEH_2757,2,D_276,Null,Null,Null,Null,No,16.39,420,900,0
Null,VEH_2757,3,O_288,Null,Null,Null,Null,Null,0.0,0,1440,-1
MF2305186339735,VEH_2757,4,D_1654,Null,Null,Null,Null,No,24.83,600,1020,0
Null,VEH_2758,1,O_279,2023-05-15 00:00,0,0,2023-05-15 00:00,Null,0.0,0,1440,-1
M18406381,VEH_2758,2,D_397,Null,Null,Null,Null,No,20.84,420,900,0
Null,VEH_2760,1,O_279,2023-05-15 06:00,0,0,2023-05-15 06:00,Null,0.0,0,1440,-1
M18405922,VEH_2760,2,D_288,Null,Null,Null,Null,No,7.52,600,1020,1
M18406317,VEH_2760,3,D_465,Null,Null,Null,Null,No,13.38,780,1080,0
Null,VEH_2761,1,O_279,2023-05-15 06:00,0,0,2023-05-15 06:00,Null,0.0,0,1440,-1
MF2305166312158,VEH_2761,2,D_2114,Null,Null,Null,Null,No,19.93,600,1020,1
Null,VEH_2762,1,O_279,2023-05-15 06:00,0,0,2023-05-15 06:00,Null,0.0,0,1440,-1
M18407527,VEH_2762,2,D_410,Null,Null,Null,Null,No,20.23,420,900,1
Null,VEH_2763,1,O_279,2023-05-15 06:00,0,0,2023-05-15 06:00,Null,0.0,0,1440,-1
M18408011,VEH_2763,2,D_294,Null,Null,Null,Null,No,22.41,600,1020,1
Null,VEH_2764,1,O_279,2023-05-15 06:00,0,0,2023-05-15 06:00,Null,0.0,0,1440,-1
M18405441,VEH_2764,2,D_397,Null,Null,Null,Null,No,23.75,600,1020,1
Null,VEH_2765,1,O_279,2023-05-15 06:00,0,0,2023-05-15 06:00,Null,0.0,0,1440,-1
M18406382,VEH_2765,2,D_397,Null,Null,Null,Null,No,21.22,420,900,1
Null,VEH_2766,1,O_279,2023-05-15 06:00,0,0,2023-05-15 06:00,Null,0.0,0,1440,-1
M18406366,VEH_2766,2,D_301,Null,Null,Null,Null,No,21.05,780,1080,0
Null,VEH_2767,1,O_279,2023-05-15 06:00,0,0,2023-05-15 06:00,Null,0.0,0,1440,-1
M18407987,VEH_2767,2,D_426,Null,Null,Null,Null,No,25.48,780,1080,0
Null,VEH_2768,1,O_279,2023-05-15 06:00,0,0,2023-05-15 06:00,Null,0.0,0,1440,-1
MF2305176316940,VEH_2768,2,D_1687,Null,Null,Null,Null,No,24.97,780,1080,0
Null,VEH_2769,1,O_279,2023-05-15 06:00,0,0,2023-05-15 06:00,Null,0.0,0,1440,-1
M18408018,VEH_2769,2,D_294,Null,Null,Null,Null,No,19.39,1080,120,0
Null,VEH_2782,1,O_279,2023-05-15 06:00,0,0,2023-05-15 06:00,Null,0.0,0,1440,-1
M18407480,VEH_2782,2,D_409,Null,Null,Null,Null,No,28.33,600,1020,0
Null,VEH_2783,1,O_279,2023-05-15 06:00,0,0,2023-05-15 06:00,Null,0.0,0,1440,-1
M18406321,VEH_2783,2,D_464,Null,Null,Null,Null,No,29.2,600,1020,0
Null,VEH_2784,1,O_279,2023-05-15 06:00,0,0,2023-05-15 06:00,Null,0.0,0,1440,-1
M18407526,VEH_2784,2,D_409,Null,Null,Null,Null,No,28.0,420,900,0
Null,VEH_2902,1,O_62,2023-05-15 00:00,0,0,2023-05-15 00:00,Null,0.0,0,1440,-1
20230515B498008_001,VEH_2902,2,D_208,2023-05-15 01:16,0,60,2023-05-15 02:16,Yes,23.16,0,360,0
Null,VEH_2902,3,O_276,Null,Null,Null,Null,Null,0.0,0,1440,-1
M18406152,VEH_2902,4,D_410,Null,Null,Null,Null,No,20.84,420,900,1
Null,VEH_2903,1,O_62,2023-05-15 00:00,0,0,2023-05-15 00:00,Null,0.0,0,1440,-1
MF2305166311756,VEH_2903,2,D_1385,2023-05-15 04:19,0,60,2023-05-15 05:19,Yes,20.23,0,360,0
Null,VEH_2903,3,O_68,Null,Null,Null,Null,Null,0.0,0,1440,-1
20230515B498543_001,VEH_2903,4,D_56,Null,Null,Null,Null,No,25.36,420,900,1
Null,VEH_2904,1,O_62,2023-05-15 00:00,0,0,2023-05-15 00:00,Null,0.0,0,1440,-1
M18406441,VEH_2904,2,D_351,Null,Null,Null,Null,No,21.38,420,900,0
Null,VEH_2904,3,O_276,Null,Null,Null,Null,Null,0.0,0,1440,-1
20230515B494725_001,VEH_2904,4,D_1,Null,Null,Null,Null,No,15.73,600,1020,1
Null,VEH_2905,1,O_62,2023-05-15 00:00,0,0,2023-05-15 00:00,Null,0.0,0,1440,-1
M18406455,VEH_2905,2,D_672,Null,Null,Null,Null,No,14.87,600,1020,0
20230515B497990_001,VEH_2905,3,D_108,Null,Null,Null,Null,No,11.27,780,1080,0
Null,VEH_2907,1,O_62,2023-05-15 06:00,0,0,2023-05-15 06:00,Null,0.0,0,1440,-1
MF2305166311758,VEH_2907,2,D_1386,Null,Null,Null,Null,No,16.87,780,1080,1
Null,VEH_3003,1,O_129,2023-05-15 06:00,0,0,2023-05-15 06:00,Null,0.0,0,1440,-1
20230515B495852_001,VEH_3003,2,D_208,Null,Null,Null,Null,No,24.56,780,1080,1
Null,VEH_3102,1,O_93,2023-05-15 00:00,0,0,2023-05-15 00:00,Null,0.0,0,1440,-1
MF2305156308631,VEH_3102,2,D_2074,2023-05-15 04:25,0,60,2023-05-15 05:25,Yes,26.29,0,360,0
Null,VEH_3102,3,O_276,Null,Null,Null,Null,Null,0.0,0,1440,-1
20230513B494579_001,VEH_3102,4,D_11,Null,Null,Null,Null,No,20.19,420,900,1
20230513B493970_001,Null,Null,Null,Null,Null,Null,Null,Null,15.26,0,360,1
20230513B493992_001,Null,Null,Null,Null,Null,Null,Null,Null,25.03,1080,120,1
20230513B494004_001,Null,Null,Null,Null,Null,Null,Null,Null,24.85,0,360,1
20230513B494013_001,Null,Null,Null,Null,Null,Null,Null,Null,19.3,0,360,1
20230513B494026_001,Null,Null,Null,Null,Null,Null,Null,Null,19.13,0,360,1
20230513B494132_001,Null,Null,Null,Null,Null,Null,Null,Null,21.28,0,360,1
20230513B494153_001,Null,Null,Null,Null,Null,Null,Null,Null,22.79,0,360,1
20230513B494164_001,Null,Null,Null,Null,Null,Null,Null,Null,32.49,0,360,1
20230513B494176_001,Null,Null,Null,Null,Null,Null,Null,Null,34.27,1080,120,1
20230513B494184_001,Null,Null,Null,Null,Null,Null,Null,Null,18.26,1080,120,1
20230513B494188_001,Null,Null,Null,Null,Null,Null,Null,Null,19.89,0,360,1
20230513B494193_001,Null,Null,Null,Null,Null,Null,Null,Null,25.37,1080,120,1
20230513B494244_001,Null,Null,Null,Null,Null,Null,Null,Null,26.84,1080,120,1
20230513B494251_001,Null,Null,Null,Null,Null,Null,Null,Null,29.53,1080,120,1
20230513B494267_001,Null,Null,Null,Null,Null,Null,Null,Null,20.55,1080,120,1
20230513B494277_001,Null,Null,Null,Null,Null,Null,Null,Null,25.35,1080,120,1
20230513B494285_001,Null,Null,Null,Null,Null,Null,Null,Null,25.5,0,360,1
20230513B494310_001,Null,Null,Null,Null,Null,Null,Null,Null,17.74,1080,120,1
20230513B494334_001,Null,Null,Null,Null,Null,Null,Null,Null,22.05,1080,120,1
20230513B494402_001,Null,Null,Null,Null,Null,Null,Null,Null,20.48,0,360,1
20230513B494625_001,Null,Null,Null,Null,Null,Null,Null,Null,19.27,0,360,1
20230515B494745_001,Null,Null,Null,Null,Null,Null,Null,Null,21.36,1080,120,1
20230515B494880_001,Null,Null,Null,Null,Null,Null,Null,Null,23.55,0,360,1
20230515B495090_001,Null,Null,Null,Null,Null,Null,Null,Null,22.65,0,360,1
20230515B495125_001,Null,Null,Null,Null,Null,Null,Null,Null,28.4,420,900,1
20230515B495557_001,Null,Null,Null,Null,Null,Null,Null,Null,17.14,0,360,1
20230515B495616_001,Null,Null,Null,Null,Null,Null,Null,Null,27.33,1080,120,1
20230515B495622_001,Null,Null,Null,Null,Null,Null,Null,Null,21.67,1080,120,1
20230515B495796_001,Null,Null,Null,Null,Null,Null,Null,Null,28.91,0,360,1
20230515B495845_001,Null,Null,Null,Null,Null,Null,Null,Null,18.3,780,1080,1
20230515B497160_001,Null,Null,Null,Null,Null,Null,Null,Null,17.33,1080,120,1
20230515B497261_001,Null,Null,Null,Null,Null,Null,Null,Null,19.2,1080,120,1
20230515B497358_001,Null,Null,Null,Null,Null,Null,Null,Null,18.4,780,1080,1
20230515B497370_001,Null,Null,Null,Null,Null,Null,Null,Null,27.52,1080,120,1
20230515B497409_001,Null,Null,Null,Null,Null,Null,Null,Null,33.63,1080,120,1
20230515B497423_001,Null,Null,Null,Null,Null,Null,Null,Null,37.15,780,1080,1
20230515B497451_001,Null,Null,Null,Null,Null,Null,Null,Null,26.76,1080,120,1
20230515B497483_001,Null,Null,Null,Null,Null,Null,Null,Null,26.58,0,360,1
20230515B497515_001,Null,Null,Null,Null,Null,Null,Null,Null,13.83,0,360,1
20230515B497543_001,Null,Null,Null,Null,Null,Null,Null,Null,24.43,1080,120,1
20230515B497575_001,Null,Null,Null,Null,Null,Null,Null,Null,17.4,1080,120,1
20230515B497588_001,Null,Null,Null,Null,Null,Null,Null,Null,22.81,0,360,1
20230515B497603_001,Null,Null,Null,Null,Null,Null,Null,Null,22.5,1080,120,1
20230515B497737_001,Null,Null,Null,Null,Null,Null,Null,Null,15.71,780,1080,1
20230515B497992_001,Null,Null,Null,Null,Null,Null,Null,Null,30.19,0,360,1
20230515B497999_001,Null,Null,Null,Null,Null,Null,Null,Null,29.44,420,900,1
20230515B498026_001,Null,Null,Null,Null,Null,Null,Null,Null,29.2,0,360,1
20230515B498060_001,Null,Null,Null,Null,Null,Null,Null,Null,18.81,1080,120,1
20230515B498119_001,Null,Null,Null,Null,Null,Null,Null,Null,15.35,780,1080,1
20230515B498174_001,Null,Null,Null,Null,Null,Null,Null,Null,21.2,0,360,1
20230515B498209_001,Null,Null,Null,Null,Null,Null,Null,Null,15.68,0,360,1
20230515B498231_001,Null,Null,Null,Null,Null,Null,Null,Null,25.11,0,360,1
20230515B498290_001,Null,Null,Null,Null,Null,Null,Null,Null,27.24,1080,120,1
20230515B498402_001,Null,Null,Null,Null,Null,Null,Null,Null,18.45,1080,120,1
20230515B498423_001,Null,Null,Null,Null,Null,Null,Null,Null,19.29,1080,120,1
20230515B498436_001,Null,Null,Null,Null,Null,Null,Null,Null,29.37,1080,120,1
20230515B498445_001,Null,Null,Null,Null,Null,Null,Null,Null,18.92,780,1080,1
20230515B498469_001,Null,Null,Null,Null,Null,Null,Null,Null,20.31,1080,120,1
20230515B498482_001,Null,Null,Null,Null,Null,Null,Null,Null,19.25,0,360,1
20230515B498486_001,Null,Null,Null,Null,Null,Null,Null,Null,29.79,0,360,1
20230515B498513_001,Null,Null,Null,Null,Null,Null,Null,Null,19.98,0,360,1
20230515B498535_001,Null,Null,Null,Null,Null,Null,Null,Null,21.17,1080,120,1
20230515B498539_001,Null,Null,Null,Null,Null,Null,Null,Null,16.1,1080,120,1
N_20230513922578,Null,Null,Null,Null,Null,Null,Null,Null,25.29,1080,120,1
N_20230515938871,Null,Null,Null,Null,Null,Null,Null,Null,16.33,0,360,1
M18405864,Null,Null,Null,Null,Null,Null,Null,Null,25.12,0,360,1
M18406002,Null,Null,Null,Null,Null,Null,Null,Null,22.68,1080,120,1
M18406010,Null,Null,Null,Null,Null,Null,Null,Null,21.45,0,360,1
M18406034,Null,Null,Null,Null,Null,Null,Null,Null,18.81,0,360,1
M18406185,Null,Null,Null,Null,Null,Null,Null,Null,29.32,780,1080,1
M18406200,Null,Null,Null,Null,Null,Null,Null,Null,28.39,0,360,1
M18406244,Null,Null,Null,Null,Null,Null,Null,Null,18.04,0,360,1
M18406259,Null,Null,Null,Null,Null,Null,Null,Null,32.25,0,360,1
M18406318,Null,Null,Null,Null,Null,Null,Null,Null,26.17,0,360,1
M18406367,Null,Null,Null,Null,Null,Null,Null,Null,23.73,0,360,1
M18406372,Null,Null,Null,Null,Null,Null,Null,Null,25.94,0,360,1
M18406376,Null,Null,Null,Null,Null,Null,Null,Null,11.9,0,360,1
M18406442,Null,Null,Null,Null,Null,Null,Null,Null,24.38,1080,120,1
M18406456,Null,Null,Null,Null,Null,Null,Null,Null,27.5,420,900,1
M18407483,Null,Null,Null,Null,Null,Null,Null,Null,18.7,0,360,1
M18408019,Null,Null,Null,Null,Null,Null,Null,Null,25.69,1080,120,1
MF2305046223586,Null,Null,Null,Null,Null,Null,Null,Null,17.41,1080,120,1
MF2305126295521,Null,Null,Null,Null,Null,Null,Null,Null,33.39,420,900,1
MF2305156297801,Null,Null,Null,Null,Null,Null,Null,Null,26.41,1080,120,1
MF2305156298397,Null,Null,Null,Null,Null,Null,Null,Null,13.06,0,360,1
MF2305156308958,Null,Null,Null,Null,Null,Null,Null,Null,22.41,0,360,1
MF2305156309300,Null,Null,Null,Null,Null,Null,Null,Null,22.38,0,360,1
MF2305156309481,Null,Null,Null,Null,Null,Null,Null,Null,30.63,1080,120,1
MF2305156309718,Null,Null,Null,Null,Null,Null,Null,Null,11.76,1080,120,1
MF2305156309748,Null,Null,Null,Null,Null,Null,Null,Null,31.14,0,360,1
MF2305156309848,Null,Null,Null,Null,Null,Null,Null,Null,29.73,600,1020,1
MF2305156309856,Null,Null,Null,Null,Null,Null,Null,Null,22.24,1080,120,1
MF2305156310984,Null,Null,Null,Null,Null,Null,Null,Null,21.28,0,360,1
MF2305166312381,Null,Null,Null,Null,Null,Null,Null,Null,24.06,1080,120,1
MF2305166314217,Null,Null,Null,Null,Null,Null,Null,Null,31.47,600,1020,1
MF2305166314603,Null,Null,Null,Null,Null,Null,Null,Null,26.46,1080,120,1
MF2305166315888,Null,Null,Null,Null,Null,Null,Null,Null,19.68,0,360,1
MF2305176322236,Null,Null,Null,Null,Null,Null,Null,Null,17.19,1080,120,1
MF2305176322244,Null,Null,Null,Null,Null,Null,Null,Null,22.73,0,360,1
MF2305176322263,Null,Null,Null,Null,Null,Null,Null,Null,24.55,0,360,1
MF2305176324213,Null,Null,Null,Null,Null,Null,Null,Null,31.31,600,1020,1
MF2305176324863,Null,Null,Null,Null,Null,Null,Null,Null,23.31,0,360,1
MF2305186339729,Null,Null,Null,Null,Null,Null,Null,Null,21.01,1080,120,1
MF2305186339747,Null,Null,Null,Null,Null,Null,Null,Null,29.2,780,1080,1
MF2305186339755,Null,Null,Null,Null,Null,Null,Null,Null,21.48,1080,120,1
MF2305236350929,Null,Null,Null,Null,Null,Null,Null,Null,22.46,0,360,1
MF2305236350937,Null,Null,Null,Null,Null,Null,Null,Null,19.42,0,360,1
MF2305256365180,Null,Null,Null,Null,Null,Null,Null,Null,19.88,1080,120,1
MF2305316383891,Null,Null,Null,Null,Null,Null,Null,Null,22.07,1080,120,1
MF2305316385700,Null,Null,Null,Null,Null,Null,Null,Null,19.02,0,360,1
MF2305316385715,Null,Null,Null,Null,Null,Null,Null,Null,23.48,1080,120,1
MF2305316385728,Null,Null,Null,Null,Null,Null,Null,Null,16.8,1080,120,1
MF2305316385743,Null,Null,Null,Null,Null,Null,Null,Null,19.89,0,360,1
PND000196,Null,Null,Null,Null,Null,Null,Null,Null,21.13,1080,120,1
PND000336,Null,Null,Null,Null,Null,Null,Null,Null,26.84,0,360,1
20230513B494274_001,Null,Null,Null,Null,Null,Null,Null,Null,31.94,1080,120,0
20230513B494299_001,Null,Null,Null,Null,Null,Null,Null,Null,19.48,1080,120,0
20230513B494307_001,Null,Null,Null,Null,Null,Null,Null,Null,14.15,1080,120,0
20230513B494314_001,Null,Null,Null,Null,Null,Null,Null,Null,15.6,1080,120,0
20230515B495172_001,Null,Null,Null,Null,Null,Null,Null,Null,29.61,420,900,0
20230515B495817_001,Null,Null,Null,Null,Null,Null,Null,Null,29.76,780,1080,0
20230515B495851_001,Null,Null,Null,Null,Null,Null,Null,Null,29.69,780,1080,0
20230515B495976_001,Null,Null,Null,Null,Null,Null,Null,Null,25.61,780,1080,0
20230515B497257_001,Null,Null,Null,Null,Null,Null,Null,Null,32.52,1080,120,0
20230515B497349_001,Null,Null,Null,Null,Null,Null,Null,Null,25.05,780,1080,0
20230515B497369_001,Null,Null,Null,Null,Null,Null,Null,Null,29.34,780,1080,0
20230515B497995_001,Null,Null,Null,Null,Null,Null,Null,Null,31.46,780,1080,0
20230515B498102_001,Null,Null,Null,Null,Null,Null,Null,Null,27.43,1080,120,0
20230515B498206_001,Null,Null,Null,Null,Null,Null,Null,Null,27.2,780,1080,0
20230515B498311_001,Null,Null,Null,Null,Null,Null,Null,Null,31.12,1080,120,0
20230515B498344_001,Null,Null,Null,Null,Null,Null,Null,Null,29.24,0,360,0
20230515B498360_001,Null,Null,Null,Null,Null,Null,Null,Null,25.54,780,1080,0
20230515B498435_001,Null,Null,Null,Null,Null,Null,Null,Null,20.62,780,1080,0
20230515B498444_001,Null,Null,Null,Null,Null,Null,Null,Null,28.09,1080,120,0
20230515B498448_001,Null,Null,Null,Null,Null,Null,Null,Null,35.32,1080,120,0
20230515B498512_001,Null,Null,Null,Null,Null,Null,Null,Null,23.51,1080,120,0
20230515B498530_001,Null,Null,Null,Null,Null,Null,Null,Null,27.31,600,1020,0
M18405440,Null,Null,Null,Null,Null,Null,Null,Null,30.99,780,1080,0
M18405904,Null,Null,Null,Null,Null,Null,Null,Null,29.27,780,1080,0
M18406105,Null,Null,Null,Null,Null,Null,Null,Null,22.48,1080,120,0
M18406151,Null,Null,Null,Null,Null,Null,Null,Null,15.97,1080,120,0
M18406251,Null,Null,Null,Null,Null,Null,Null,Null,28.29,0,360,0
M18406371,Null,Null,Null,Null,Null,Null,Null,Null,27.15,1080,120,0
M18407869,Null,Null,Null,Null,Null,Null,Null,Null,12.26,0,360,0
M18408066,Null,Null,Null,Null,Null,Null,Null,Null,19.06,1080,120,0
MF2305156297584,Null,Null,Null,Null,Null,Null,Null,Null,27.02,0,360,0
MF2305156298395,Null,Null,Null,Null,Null,Null,Null,Null,28.74,0,360,0
MF2305156309503,Null,Null,Null,Null,Null,Null,Null,Null,25.66,1080,120,0
MF2305156309754,Null,Null,Null,Null,Null,Null,Null,Null,21.09,1080,120,0
MF2305156309846,Null,Null,Null,Null,Null,Null,Null,Null,31.69,600,1020,0
MF2305156309854,Null,Null,Null,Null,Null,Null,Null,Null,27.37,0,360,0
MF2305156311408,Null,Null,Null,Null,Null,Null,Null,Null,24.17,1080,120,0
MF2305166311981,Null,Null,Null,Null,Null,Null,Null,Null,30.1,780,1080,0
MF2305166312126,Null,Null,Null,Null,Null,Null,Null,Null,22.04,1080,120,0
MF2305166314072,Null,Null,Null,Null,Null,Null,Null,Null,33.02,1080,120,0
MF2305166314225,Null,Null,Null,Null,Null,Null,Null,Null,29.79,600,1020,0
MF2305166314599,Null,Null,Null,Null,Null,Null,Null,Null,31.25,600,1020,0
MF2305176322241,Null,Null,Null,Null,Null,Null,Null,Null,33.84,420,900,0
MF2305176323884,Null,Null,Null,Null,Null,Null,Null,Null,27.44,780,1080,0
MF2305176324261,Null,Null,Null,Null,Null,Null,Null,Null,23.64,1080,120,0
MF2305186339193,Null,Null,Null,Null,Null,Null,Null,Null,29.55,420,900,0
MF2305236350935,Null,Null,Null,Null,Null,Null,Null,Null,21.57,1080,120,0
MF2305266369483,Null,Null,Null,Null,Null,Null,Null,Null,26.75,1080,120,0
MF2305306377252,Null,Null,Null,Null,Null,Null,Null,Null,29.13,420,900,0
MF2305316383901,Null,Null,Null,Null,Null,Null,Null,Null,32.38,0,360,0
MF2305316384861,Null,Null,Null,Null,Null,Null,Null,Null,25.98,1080,120,0
PND000021,Null,Null,Null,Null,Null,Null,Null,Null,25.75,1080,120,0
